<?xml version="1.0" encoding="utf-8" standalone="no"?>
<!DOCTYPE hi2txt SYSTEM "hi2txt.dtd">
<hi2txt>
  <!--
    tested with mame 0.148 and related hiscore.dat
      source: HiToText
  //-->
  
  <structure file=".hi">
    <check>
      <!-- optional: if defined and hiscore.dat provided, it allows to select the good structure versus the provided file //-->
      <definition>0:c910:0b:99:00</definition>
      <!-- optional: if defined, it allows to select the good structure versus the provided file
                     useful if multiple structures are defined but hiscore.dat not provided //-->
      <size>11</size>
    </check>
    <elt size="1" type="raw"  id="HEADER"/>
    <loop count="5">
      <elt size="2" type="int" id="SCORE" endianness="little_endian" base="16"/>
    </loop>
  </structure>
  
  <output>
    <table line-ignore="SCORE:0">
      <column id="RANK" src="index" format="+1"/>
      <column id="SCORE" format="*10"/>
    </table>
    <field id="HEADER" format="hexadecimal_string" display="debug"/>
  </output>
  
  <format id="+1"><add>1</add></format>
  <format id="*10"><multiply>10</multiply></format>
</hi2txt>
