<?xml version="1.0" encoding="utf-8" standalone="no"?>
<!DOCTYPE hi2txt SYSTEM "hi2txt.dtd">
<hi2txt>
  <!--
    tested with mame 0.148 and related hiscore.dat
      source: HiToText
  //-->
  
  <structure file=".hi">
    <check>
      <!-- optional: if defined and hiscore.dat provided, it allows to select the good structure versus the provided file //-->
      <definition>0:e600:8a:00:4a
                  0:e008:3:00:03</definition>
      <!-- optional: if defined, it allows to select the good structure versus the provided file
                     useful if multiple structures are defined but hiscore.dat not provided //-->
      <size>141</size>
    </check>
    <loop count="23">
      <elt size="3" type="int"  id="SCORE" endianness="little_endian" base="16"/>
      <elt size="3" type="text" id="NAME"  charset="cs10yard"/>
    </loop>
    <elt size="3" type="int"  id="TOP SCORE" endianness="little_endian" base="16"/>
  </structure>
  
  <output>
    <table>
      <column id="RANK" src="index" format="+1"/>
      <column id="SCORE"/>
      <column id="NAME"/>
    </table>
    <field id="TOP SCORE" display="extra"/>
  </output>
  
  <format id="+1"><add>1</add></format>
  
  <charset id="cs10yard">
    <char src="0x5B" dst="."/>
    <char src="0x5C" dst=" "/>
  </charset>
</hi2txt>
