<?xml version="1.0" encoding="utf-8" standalone="no"?>
<!DOCTYPE hi2txt SYSTEM "hi2txt.dtd">
<hi2txt>
  <!--
    tested with mame 0.148 and related hiscore.dat
      source: HiToText
  //-->
  
  <structure file=".hi">
    <check>
      <!-- optional: if defined and hiscore.dat provided, it allows to select the good structure versus the provided file //-->
      <definition>0:d300:a0:00:20
                  0:c017:3:00:02</definition>
      <!-- optional: if defined, it allows to select the good structure versus the provided file
                     useful if multiple structures are defined but hiscore.dat not provided //-->
      <size>163</size>
    </check>
    <loop count="10">
      <elt size="3"  type="int"  id="SCORE" endianness="little_endian" base="16"/>
      <elt size="3"  type="text" id="NAME" charset="cs4dwarrior"/>
      <elt size="10" type="text" id="NAME FOLLOW-UP"/>
    </loop>
    <elt size="3" type="int"  id="TOP SCORE" endianness="little_endian" base="16"/>
  </structure>
  
  <output>
    <table>
      <column id="RANK" src="index" format="+1"/>
      <column id="SCORE"/>
      <column id="NAME"/>
      <column id="NAME FOLLOW-UP" display="debug"/>
    </table>
    <field id="TOP SCORE" display="extra"/>
  </output>
  
  <format id="+1"><add>1</add></format>
  
  <charset id="cs4dwarrior">
    <char src="0x21" dst="&headset;"/> <!-- red helmet //-->
    <char src="0x29" dst="&black-heart;"/>
    <char src="0x6E" dst="/"/>
  </charset>
</hi2txt>
