<?xml version="1.0" encoding="utf-8" standalone="no"?>
<!DOCTYPE hi2txt SYSTEM "hi2txt.dtd">
<hi2txt label="A.B. Cop">
  <!--
    tested with mame 0.159 and hiscore.dat 2015-07-01
    source: GreatStone
  //-->
  
  <structure file="backup1" byte-swap="2">
    <check>
      <!-- optional: if defined, it allows to select the good structure versus the provided file
                     useful if multiple structures are defined but hiscore.dat not provided //-->
      <size>16384</size>
    </check>
	<elt size="268" type="raw" id="UNKNOWN"/>
    <loop count="7">
      <elt size="4" type="int"  id="SCORE" base="16"/>
      <elt size="4" type="text" id="NAME"/>
	  <elt size="2" type="raw"  id="SEPARATOR"/>
	  <elt size="1" type="int"  id="STAGE_MAJOR"/>
	  <elt size="1" type="int"  id="STAGE_MINOR"/>
    </loop>
  </structure>
  
  <output>
    <table>
      <column id="RANK" src="index" format="+1"/>
      <column id="SCORE"/>
      <column id="NAME" format="TrimR "/>
      <column id="STAGE" format="stage"/>
      <column id="SEPARATOR" format="0x" display="debug"/>
    </table>
  </output>
  
  <format id="stage">
    <concat>
	  <column id="STAGE_MAJOR"/>
	  <txt>-</txt>
	  <column id="STAGE_MINOR"/>
	</concat>
  </format>
</hi2txt>
