<?xml version="1.0" encoding="utf-8" standalone="no"?>
<!DOCTYPE hi2txt SYSTEM "hi2txt.dtd">
<hi2txt>
  <!--
    tested with mame 0.153 and hiscore.dat 2014-08-22
      source: GreatStone
  //-->
  
  <structure file=".hi">
    <check>
      <!-- optional: if defined and hiscore.dat provided, it allows to select the good structure versus the provided file //-->
      <definition>0:800ea:8d:00:00
                  0:800da:4:00:00
                  0:80021:1:48:48</definition>
      <!-- optional: if defined, it allows to select the good structure versus the provided file
                     useful if multiple structures are defined but hiscore.dat not provided //-->
      <size>146</size>
    </check>
    <loop count="10">
      <elt size="4" type="int"  id="SCORE" base="16"/>
    </loop>
    <loop count="10">
      <elt size="2" type="raw"  id="SEPARATOR"/>
      <elt size="6" type="text" id="NAME" byte-skip="odd" charset="acrobatm"/>
    </loop>  
    <loop count="10">
      <elt size="2" type="int"  id="CONTINUE"/>
    </loop>
    <elt size="1" type="raw"  id="EMPTY"/>
    <elt size="4" type="int"  id="TOP SCORE" base="16"/>
    <elt size="1" type="raw"  id="CHECK"/>
  </structure>
  
  <output>
    <table>
      <column id="RANK" src="index" format="+1"/>
      <column id="SCORE"/>
      <column id="SEPARATOR" format="0x" display="debug"/>
      <column id="NAME"/>
      <column id="CONTINUE"/>
    </table>
    <field id="EMPTY"     format="0x" display="debug"/>
    <field id="TOP SCORE"             display="extra"/>
    <field id="CHECK"     format="0x" display="debug"/>
  </output>
  
  <charset id="acrobatm">
    <char src="0x00" dst=" "/>
    <char src="0x2E" dst="."/>
  </charset>
</hi2txt>
