<?xml version="1.0" encoding="utf-8" standalone="no"?>
<!DOCTYPE hi2txt SYSTEM "hi2txt.dtd">
<hi2txt>
  <!--
    tested with mame 0.148 and related hiscore.dat
      source: HiToText
  //-->
  
  <structure file=".hi">
    <check>
      <!-- optional: if defined and hiscore.dat provided, it allows to select the good structure versus the provided file //-->
      <definition>0:4600:64:0a:04
                  0:40a8:3:00:06</definition>
      <!-- optional: if defined, it allows to select the good structure versus the provided file
                     useful if multiple structures are defined but hiscore.dat not provided //-->
      <size>103</size>
    </check>
    <loop count="20">
      <elt size="2" type="text" id="NAME"  decoding-profile="base-32" format="ad2083"/>
      <elt size="3" type="int"  id="SCORE" endianness="little_endian" base="16"/>
    </loop>
    <elt size="3" type="int" id="TOP SCORE" endianness="little_endian" base="16"/>
  </structure>
  
  <output>
    <table>
      <column id="RANK" src="index" format="+1"/>
      <column id="SCORE"/>
      <column id="NAME"/>
    </table>
    <field id="TOP SCORE" display="extra"/>
  </output>
  
  <format id="+1"><add>1</add></format>
  
  <format id="ad2083" apply-to="char">
    <case src="0x40" dst=" "/>
    <case src="0x5C" dst="."/>
  </format>
</hi2txt>
