<?xml version="1.0" encoding="utf-8" standalone="no"?>
<!DOCTYPE hi2txt SYSTEM "hi2txt.dtd">
<hi2txt label="Aero Fighters / Sonic Wings">
  <!--
    tested with mame 0.159 and hiscore.dat 2015-07-01
    source: GreatStone
  //-->
  
  <structure file=".hi">
    <check>
      <!-- optional: if defined and hiscore.dat provided, it allows to select the good structure versus the provided file //-->
      <definition>0:ffc1af:97:0b:64</definition>
	  <definition>0:cc1af:97:0b:64</definition>
	  <definition>0:cc1af:a0:0b:00</definition> <!-- Sonic Wings -->
      <!-- optional: if defined, it allows to select the good structure versus the provided file
                     useful if multiple structures are defined but hiscore.dat not provided //-->
      <size>151</size>
	  <size>160</size> <!-- Sonic Wings -->
    </check>
    <loop count="10">
	  <elt size="3" type="text" id="NAME"  charset="CS_NUMBER[-47];aerofgt" ascii-offset="54"/>
	  <elt size="1" type="raw"  id="EMPTY"/>
      <elt size="3" type="int"  id="SCORE"/>
      <elt size="9" type="raw"  id="EMPTY2"/>
    </loop>
  </structure>
  
  <output>
    <table>
      <column id="RANK" src="index" format="+1"/>
      <column id="SCORE" format="*100"/>
      <column id="NAME"/>
      <column id="EMPTY"   format="0x" display="debug"/>
	  <column id="EMPTY2"  format="0x" display="debug"/>
    </table>
  </output>
  
  <charset id="aerofgt">
    <char src="0x00" dst=""/>
	<char src="0x25" dst="."/>
	<char src="0x26" dst="-"/>
  </charset>
</hi2txt>
