<?xml version="1.0" encoding="utf-8" standalone="no"?>
<!DOCTYPE hi2txt SYSTEM "hi2txt.dtd">
<hi2txt>
  <!--
    tested with mame 0.148 and related hiscore.dat
      source: HiToText (hi), GreatStone (nvram)
  //-->
  
  <structure file="nvram" byte-swap="2">
    <check>
      <!-- optional: if defined, it allows to select the good structure versus the provided file
                     useful if multiple structures are defined but hiscore.dat not provided //-->
      <size>16384</size>
    </check>
    <elt size="13056" type="raw" id="HEADER"/>
    <loop count="10">
      <elt size="4" type="int"  id="SCORE" base="16"/>
      <elt size="1" type="raw"  id="UNKNOWN"/>
      <elt size="3" type="text" id="NAME"  charset="afighter"/>
    </loop>
  </structure>
  
  <structure file=".hi">
    <check>
      <!-- optional: if defined and hiscore.dat provided, it allows to select the good structure versus the provided file //-->
      <definition>0:fff300:50:00:59
                  0:ffc060:4:00:00
                  0:ffc061:1:06:06</definition>
      <!-- optional: if defined, it allows to select the good structure versus the provided file
                     useful if multiple structures are defined but hiscore.dat not provided //-->
      <size>85</size>
    </check>
    <loop count="10">
      <elt size="4" type="int"  id="SCORE" base="16"/>
      <elt size="1" type="raw"  id="UNKNOWN"/>
      <elt size="3" type="text" id="NAME"  charset="afighter"/>
    </loop>
    <elt size="4" type="int"  id="TOP SCORE" base="16"/>
  </structure>
  
  <output>
    <table>
      <column id="RANK" src="index" format="+1"/>
      <column id="SCORE"/>
      <column id="NAME"/>
      <column id="UNKNOWN" format="hexadecimal_string" display="debug"/>
    </table>
    <field id="TOP SCORE" display="extra"/>
  </output>
  
  <format id="+1"><add>1</add></format>
  
  <charset id="afighter">
    <char src="0x00" dst=" "/>
    <char src="0x5C" dst="?"/>
    <char src="0x5D" dst="."/>
  </charset>
</hi2txt>
