<?xml version="1.0" encoding="utf-8" standalone="no"?>
<!DOCTYPE hi2txt SYSTEM "hi2txt.dtd">
<hi2txt>
  <!--
    tested with mame 0.153 and hiscore.dat 2014-08-22
      source: GreatStone
  //-->
  
  <structure file=".hi">
    <check>
      <!-- optional: if defined and hiscore.dat provided, it allows to select the good structure versus the provided file //-->
      <definition>0:100292:5a:00:00
                  0:100200:2:02:1a</definition>
      <!-- optional: if defined, it allows to select the good structure versus the provided file
                     useful if multiple structures are defined but hiscore.dat not provided //-->
      <size>92</size>
    </check>
    <elt size="4" type="int" id="TOP SCORE" base="16"/>
    <elt size="6" type="raw" id="UNKNOWN"/>
    <loop count="10"><elt size="4" type="int"  id="SCORE" base="16"/></loop>
    <loop count="10"><elt size="3" type="text" id="NAME"/></loop>
    <loop count="10"><elt size="1" type="int"  id="STAGE"/></loop>
    <elt size="2" type="raw" id="UNKNOWN2"/> <!-- checksum? //-->
  </structure>
  
  <output>
    <table>
      <column id="RANK" src="index" format="+1"/>
      <column id="SCORE"/>
      <column id="NAME"/>
      <column id="STAGE" format="+1"/>
    </table>
    <field id="TOP SCORE"             display="extra"/>
    <field id="UNKNOWN"   format="0x" display="debug"/>
    <field id="UNKNOWN2"  format="0x" display="debug"/>
  </output>
</hi2txt>
