<?xml version="1.0" encoding="utf-8" standalone="no"?>
<!DOCTYPE hi2txt SYSTEM "hi2txt.dtd">
<hi2txt>
  <!--
    tested with mame 0.148 and related hiscore.dat
      source: HiToText
  //-->
  
  <structure file=".hi">
    <check>
      <!-- optional: if defined and hiscore.dat provided, it allows to select the good structure versus the provided file //-->
      <definition>0:1d5c0a:4:00:00
                  0:1d5c81:1:1d:1d</definition>
      <!-- optional: if defined, it allows to select the good structure versus the provided file
                     useful if multiple structures are defined but hiscore.dat not provided //-->
      <size>5</size>
    </check>
    <elt size="4" type="int"  id="SCORE"/>
    <elt size="1" type="raw"  id="UNKNOWN"/>
  </structure>
  
  <output>
    <table>
      <column id="RANK" src="index" format="+1"/>
      <column id="SCORE"/>
      <column id="FOOTER" format="hexadecimal_string" display="debug"/>
    </table>
  </output>
  
  <format id="+1"><add>1</add></format>
</hi2txt>
