<?xml version="1.0" encoding="utf-8" standalone="no"?>
<!DOCTYPE hi2txt SYSTEM "hi2txt.dtd">
<hi2txt>
  <!--
    tested with mame 0.148 and related hiscore.dat
      source: HiToText
  //-->
  
  <structure file=".hi">
    <check>
      <!-- optional: if defined and hiscore.dat provided, it allows to select the good structure versus the provided file //-->
      <definition>0:b9100:80:0:6b</definition>
      <!-- optional: if defined, it allows to select the good structure versus the provided file
                     useful if multiple structures are defined but hiscore.dat not provided //-->
      <size>128</size>
    </check>
    <loop count="5">
      <elt size="4" type="int"  id="SCORE" base="16"/>
      <elt size="4" type="raw"  id="UNKNOWN"/>
      <elt size="8" type="text" id="NAME"  charset="airattck" ascii-offset="-41"/>
    </loop>
  </structure>
  
  <output>
    <table>
      <column id="RANK" src="index" format="+1"/>
      <column id="SCORE"/>
      <column id="NAME"/>
      <column id="UNKNOWN" format="hexadecimal_string" display="debug"/>
    </table>
  </output>
  
  <format id="+1"><add>1</add></format>
  
  <charset id="airattck">
    <char src="0x8F" dst="-"/>
  </charset>
</hi2txt>
