<?xml version="1.0" encoding="utf-8" standalone="no"?>
<!DOCTYPE hi2txt SYSTEM "hi2txt.dtd">
<hi2txt>
  <!--
    tested with mame 0.148 and related hiscore.dat
      source: HiToText
  //-->
  
  <structure file=".hi">
    <check>
      <!-- optional: if defined and hiscore.dat provided, it allows to select the good structure versus the provided file //-->
      <definition>0:e71a:5f:00:ff</definition>
      <!-- optional: if defined, it allows to select the good structure versus the provided file
                     useful if multiple structures are defined but hiscore.dat not provided //-->
      <size>95</size>
    </check>
    <loop count="5">
      <elt size="7"  type="int"  id="SCORE" decoding-profile="bcd"/>
      <elt size="1"  type="raw"  id="UNUSED_1"/>
      <elt size="10" type="text" id="NAME"  charset="airwolf"/>
      <elt size="1"  type="raw"  id="UNUSED_2"/>
    </loop>
  </structure>
  
  <output>
    <table>
      <column id="RANK" src="index" format="+1"/>
      <column id="SCORE" format="score"/>
      <column id="NAME"  format="name"/>
      <column id="UNUSED_1"  format="hexadecimal_string" display="debug"/>
      <column id="UNUSED_2"  format="hexadecimal_string" display="debug"/>
    </table>
  </output>
  
  <format id="+1"><add>1</add></format>
  <format id="score" apply-to="char">
    <substract>1</substract>
  </format>
  <format id="name" input-as-subcolumns-input="true">
    <concat>
      <field>[</field>
      <column/>
      <field>]</field>
    </concat>
  </format>
  
  <charset id="airwolf">
    <char src="0x40" dst=" "/>
    <char src="0x5B" dst=". "/>
    <char src="0x5C" dst=","/>
    <char src="0x5D" dst="¦"/>
    <char src="0x5E" dst="‾"/>
  </charset>
</hi2txt>
