<?xml version="1.0" encoding="utf-8" standalone="no"?>
<!DOCTYPE hi2txt SYSTEM "hi2txt.dtd">
<hi2txt>
  <!--
    tested with mame 0.148 and related hiscore.dat
      source: HiToText
  //-->
  
  <structure file=".hi">
    <check>
      <!-- optional: if defined and hiscore.dat provided, it allows to select the good structure versus the provided file //-->
      <definition>0:2100:50:1a:00
                  0:2050:4:00:00</definition>
      <!-- optional: if defined, it allows to select the good structure versus the provided file
                     useful if multiple structures are defined but hiscore.dat not provided //-->
      <size>84</size>
    </check>
    <loop count="10">
      <elt size="3" type="text" id="NAME"  charset="ajax" ascii-offset="48"/>
      <elt size="1" type="raw"  id="UNKNOWN"/>
      <elt size="4" type="int"  id="SCORE" base="16"/>
    </loop>
    <elt size="4" type="int" id="TOP SCORE" base="16"/>
  </structure>
  
  <output>
    <table>
      <column id="RANK" src="index" format="+1"/>
      <column id="SCORE"/>
      <column id="NAME"/>
      <column id="UNKNOWN" format="hexadecimal_string" display="debug"/>
    </table>
    <field id="TOP SCORE" display="extra"/>
  </output>
  
  <format id="+1"><add>1</add></format>
  
  <charset id="ajax">
    <char src="0x2B" dst="."/>
    <char src="0x2C" dst="!"/>
  </charset>
</hi2txt>
