<?xml version="1.0" encoding="utf-8" standalone="no"?>
<!DOCTYPE hi2txt SYSTEM "hi2txt.dtd">
<hi2txt label="Alien Arena">
  <!--
    tested with mame 0.212 and embedded hiscore.dat
    source: GreatStone
  //-->
  
  <structure file="nvram">
    <check>
      <!-- optional: if defined, it allows to select the good structure versus the provided file
                     useful if multiple structures are defined but hiscore.dat not provided //-->
      <size>1024</size>
    </check>
    <elt size="512" type="raw"  id="UNKNOWN"/>
    <loop count="32">
      <elt size="6" type="text" id="NAME" ascii-offset="48" nibble-skip="odd"/>
    </loop>
    <loop count="32">
      <elt size="8" type="int" id="SCORE" nibble-skip="odd" base="16"/>
    </loop>
	<elt size="52" type="text" id="SENTENCE" ascii-offset="48" nibble-skip="odd"/>
  </structure>

  <output>
    <table line-ignore="SCORE:0">
      <column id="RANK" src="index" format="+1"/>
      <column id="NAME"/>
      <column id="SCORE"/>
    </table>
	<field id="SENTENCE" display="extra"/>
  </output>
</hi2txt>
