<?xml version="1.0" encoding="utf-8" standalone="no"?>
<!DOCTYPE hi2txt SYSTEM "hi2txt.dtd">
<hi2txt>
  <!--
    tested with mame 0.148 and related hiscore.dat
      source: HiToText
  //-->
  
  <structure file=".hi">
    <check>
      <!-- optional: if defined and hiscore.dat provided, it allows to select the good structure versus the provided file //-->
      <definition>0:8082:3:00:00
                  0:c5be:1:25:25
                  0:c5de:1:25:25
                  0:c5fe:1:05:05
                  0:c61e:1:00:00
                  0:c63e:1:00:00
                  0:c65e:1:00:00</definition>
      <!-- optional: if defined, it allows to select the good structure versus the provided file
                     useful if multiple structures are defined but hiscore.dat not provided //-->
      <size>9</size>
    </check>
    <loop count="1">
      <elt size="3" type="int" id="SCORE" base="16"/>
      <elt size="6" type="int" id="SCORE STRING" decoding-profile="bcd" byte-skip="0x25"/>
    </loop>
  </structure>
  
  <output>
    <table>
      <column id="RANK" src="index" format="+1"/>
      <column id="SCORE"/>
      <column id="SCORE STRING" display="debug"/>
    </table>
  </output>
  
  <format id="+1"><add>1</add></format>
</hi2txt>
