<?xml version="1.0" encoding="utf-8" standalone="no"?>
<!DOCTYPE hi2txt SYSTEM "hi2txt.dtd">
<hi2txt label="Altair">
  <!--
    tested with mame 0.212 and embedded hiscore.dat
    source: GreatStone
	note: only works with hi2txt 1.11+ due to the usage of the new nibble-trim instruction
  //-->
  
  <structure file="nvram">
    <check>
      <!-- optional: if defined, it allows to select the good structure versus the provided file
                     useful if multiple structures are defined but hiscore.dat not provided //-->
      <size>256</size>
    </check>
	<elt size="226" type="raw"  id="UNKNOWN"/>
    <loop count="1">
	  <elt size="5" type="int" id="SCORE" nibble-trim="0xF" base="16"/>
    </loop>
  </structure>
  
  <output>
    <table>
      <column id="RANK" src="index" format="+1"/>
	  <column id="SCORE" format="*10"/>
    </table>
  </output>
</hi2txt>
