<?xml version="1.0" encoding="utf-8" standalone="no"?>
<!DOCTYPE hi2txt SYSTEM "hi2txt.dtd">
<hi2txt>
  <!--
    tested with mame 0.148 and related hiscore.dat
      source: HiToText
  //-->
  
  <structure file=".hi">
    <check>
      <!-- optional: if defined and hiscore.dat provided, it allows to select the good structure versus the provided file //-->
      <definition>0:8050:3:00:00
                  0:800f:24:00:3a</definition>
      <!-- optional: if defined, it allows to select the good structure versus the provided file
                     useful if multiple structures are defined but hiscore.dat not provided //-->
      <size>39</size>
    </check>
    <elt size="3" type="int" id="TOP SCORE"       endianness="little_endian" base="16"/>
    <loop count="3">
      <elt size="3" type="int"  id="SCORE"        endianness="little_endian" base="16"/>
      <elt size="3" type="text" id="NAME"         charset="ambush"/>
      <elt size="6" type="text" id="EMPTY STRING" charset="ambush"/>
    </loop>
  </structure>
  
  <output>
    <table>
      <column id="RANK" src="index" format="+1"/>
      <column id="SCORE"/>
      <column id="NAME"/>
      <column id="EMPTY STRING" display="debug"/>
    </table>
    <field id="TOP SCORE" display="extra"/>
  </output>
  
  <format id="+1"><add>1</add></format>
  
  <charset id="ambush">
    <char src="0x0A" dst="A"/>
    <char src="0x0B" dst="B"/>
    <char src="0x0C" dst="0"/>
    <char src="0x0D" dst="C"/>
    <char src="0x0E" dst="D"/>
    <char src="0x0F" dst="E"/>
    <char src="0x10" dst="1"/>
    <char src="0x11" dst="F"/>
    <char src="0x12" dst="G"/>
    <char src="0x13" dst="H"/>
    <char src="0x14" dst="2"/>
    <char src="0x15" dst="I"/>
    <char src="0x16" dst="J"/>
    <char src="0x17" dst="K"/>
    <char src="0x18" dst="3"/>
    <char src="0x19" dst="L"/>
    <char src="0x1A" dst="M"/>
    <char src="0x1B" dst="N"/>
    <char src="0x1C" dst="4"/>
    <char src="0x1D" dst="O"/>
    <char src="0x1E" dst="P"/>
    <char src="0x1F" dst="Q"/>
    <char src="0x20" dst="5"/>
    <char src="0x21" dst="R"/>
    <char src="0x22" dst="S"/>
    <char src="0x23" dst="T"/>
    <char src="0x24" dst="6"/>
    <char src="0x25" dst="U"/>
    <char src="0x26" dst="V"/>
    <char src="0x27" dst="W"/>
    <char src="0x28" dst="7"/>
    <char src="0x29" dst="X"/>
    <char src="0x2C" dst="8"/>
    <char src="0x30" dst="9"/>
    <char src="0x3A" dst=" "/>
    <char src="0x4A" dst="Y"/>
    <char src="0x4B" dst="Z"/>
  </charset>
</hi2txt>
