<?xml version="1.0" encoding="utf-8" standalone="no"?>
<!DOCTYPE hi2txt SYSTEM "hi2txt.dtd">
<hi2txt>
  <!--
    tested with mame 0.148 and related hiscore.dat
      source: HiToText
  //-->
  
  <structure file=".hi">
    <check>
      <!-- optional: if defined and hiscore.dat provided, it allows to select the good structure versus the provided file //-->
      <definition>0:c101:3:01:00
                  0:c11b:118:01:20</definition>
      <!-- optional: if defined, it allows to select the good structure versus the provided file
                     useful if multiple structures are defined but hiscore.dat not provided //-->
      <size>283</size>
    </check>
    <elt size="3" type="int"  id="TOP SCORE" base="16"/>
    <loop count="20">
      <elt size="3"  type="int"  id="SCORE" base="16"/>
      <elt size="1"  type="int"  id="STAGE"/>
      <elt size="10" type="text" id="NAME"  charset="angelkds"/>
    </loop>
  </structure>
  
  <output>
    <table>
      <column id="RANK" src="index" format="+1"/>
      <column id="SCORE"/>
      <column id="NAME"/>
      <column id="STAGE"/>
    </table>
    <field id="TOP SCORE" display="extra"/>
  </output>
  
  <format id="+1"><add>1</add></format>
  
  <charset id="angelkds">
    <char src="0x00" dst=" "/>
    <char src="0x3A" dst="&black-heart;"/>
    <char src="0x3B" dst="&black-star;"/>
    <char src="0x3C" dst="&mid-dot;"/>
  </charset>
</hi2txt>
