<?xml version="1.0" encoding="utf-8" standalone="no"?>
<!DOCTYPE hi2txt SYSTEM "hi2txt.dtd">
<hi2txt label="Age Of Heroes - Silkroad 2">
  <!--
    tested with mame 0.204 and embedded hiscore.dat
    source: GreatStone
  //-->
  
  <structure file=".hi">
    <check>
      <!-- optional: if defined and hiscore.dat provided, it allows to select the good structure versus the provided file //-->
      <definition>@:maincpu,program,28e784,f8,4b,01</definition>
      <!-- optional: if defined, it allows to select the good structure versus the provided file
                     useful if multiple structures are defined but hiscore.dat not provided //-->
      <size>248</size>
    </check>
    <loop count="8" skip-first-bytes="8">
	  <elt size="4" type="int"  id="CHARACTER" base="16"/>
	  <elt size="4" type="raw"  id="EMPTY"/>
	  <elt size="7" type="text" id="NAME"/>
	  <elt size="1" type="raw"  id="UNKNOWN"/>
	  <elt size="4" type="int"  id="LEVEL_1" base="16" byte-skip="0001"/>
	  <elt size="4" type="int"  id="LEVEL_2" base="16" byte-skip="0001"/>
	  <elt size="4" type="int"  id="SCORE"/>
	  <elt size="4" type="int"  id="COIN" base="16"/>
    </loop>
  </structure>

  <output>
    <table>
      <column id="RANK" src="index" format="+1"/>
      <column id="NAME"/> <!-- if the same letter is repeated, the name will be the default name of the character taken -->
      <column id="SCORE"/>
	  <column id="LEVEL" format="level_as_number;level_as_string"/>
	  <column id="CHARACTER" format="character"/>
	  <column id="COIN"/>
    </table>
  </output>
  
  <format id="level_as_number">
    <concat>
      <column id="LEVEL_1"/>
      <column id="LEVEL_2"/>
    </concat>
  </format>
  
  <format id="level_as_string">
    <case src="0"   dst="0-1"/>
	<case src="10"  dst="1-1"/>
	<case src="11"  dst="1-2"/>
	<case src="12"  dst="1-3"/>
	<case src="20"  dst="2-1"/>
	<case src="21"  dst="2-2-1"/>
	<case src="22"  dst="2-2-2"/>
	<case src="23"  dst="2-2-3"/>
	<case src="24"  dst="2-3"/>
	<case src="25"  dst="2-4"/>
	<case src="30"  dst="2'-1"/> <!-- only by hack? -->
	<case src="31"  dst="3-1"/>  <!-- only by hack? -->
	<case src="32"  dst="3-2"/>  <!-- only by hack? -->
	<case src="33"  dst="3-4"/>  <!-- only by hack? -->
	<case src="40"  dst="3-1"/>
	<case src="41"  dst="3-2"/>
	<case src="42"  dst="3-4"/>
	<case src="50"  dst="3'-1"/>
	<case src="51"  dst="3'-2"/>
	<case src="60"  dst="4-1"/>
	<case src="61"  dst="4-2"/>
	<case src="62"  dst="4-3"/>
	<case src="70"  dst="5-1"/>
	<case src="71"  dst="5-2"/>
	<case src="72"  dst="5-3"/>
	<case src="80"  dst="6-0"/>
	<case src="81"  dst="6-1"/>
	<case src="82"  dst="6-2"/>
	<case src="90"  dst="6'-1"/>   <!-- only by hack? -->
	<case src="91"  dst="6'-2-1"/> <!-- only by hack? -->
	<case src="92"  dst="6'-2-2"/> <!-- only by hack? -->
	<case src="93"  dst="6'-2-3"/> <!-- only by hack? -->
	<case src="94"  dst="6'-2-4"/> <!-- only by hack? -->
	<case src="100" dst="7-1"/>
	<case src="101" dst="7-3"/>
	<case src="102" dst="7-4"/>
	<case src="103" dst="7-5"/>
	<case src="110" dst="Fin"/>
  </format>
  
  <format id="character">
    <case src="0" dst="Fighter" default="yes"/>
    <case src="1" dst="Wizard"/>
    <case src="2" dst="Assassin"/>
    <case src="3" dst="Warrior"/>
  </format>
  
</hi2txt>