<?xml version="1.0" encoding="utf-8" standalone="no"?>
<!DOCTYPE hi2txt SYSTEM "hi2txt.dtd">
<hi2txt label="Arbalester">
  <!--
    tested with mame 0.212 and embedded hiscore.dat
    source: GreatStone
  //-->
  
  <structure file=".hi">
    <check>
      <!-- optional: if defined and hiscore.dat provided, it allows to select the good structure versus the provided file //-->
      <definition>@:maincpu,program,f018cd,8b,00,14</definition>
      <!-- optional: if defined, it allows to select the good structure versus the provided file
                     useful if multiple structures are defined but hiscore.dat not provided //-->
      <size>139</size>
    </check>
    <loop count="10" skip-last-bytes="1">
      <elt size="8" type="int" id="SCORE" nibble-skip="odd" endianness="little_endian" base="16" table-index="loop_reverse_index"/>
	</loop>
	
	<loop count="10">
      <elt size="3" type="text" id="NAME" ascii-offset="44" charset="charconv" table-index="loop_reverse_index"/>
	  <elt size="3" type="raw" id="EMPTY" table-index="loop_reverse_index"/>
	</loop>
  </structure>

  <output>
    <table>
      <column id="RANK" src="index" format="+1"/>
      <column id="SCORE" format="*10"/>
      <column id="NAME"/>
    </table>
  </output>
  
  <charset id="charconv">
    <char src="0x00" dst="0"/>
    <char src="0x01" dst="1"/>
	<char src="0x02" dst="2"/>
	<char src="0x03" dst="3"/>
	<char src="0x04" dst="4"/>
	<char src="0x05" dst="5"/>
	<char src="0x06" dst="6"/>
	<char src="0x07" dst="7"/>
	<char src="0x08" dst="8"/>
	<char src="0x09" dst="9"/>
	<char src="0x0B" dst="&airplane;"/>
	<char src="0x0C" dst="."/>
	<char src="0x0D" dst="!"/>
	<char src="0x0E" dst="?"/>
	<char src="0x0F" dst="&black-star;"/>
	<char src="0x10" dst="&black-spade;"/>
	<char src="0x11" dst="&black-club;"/>
	<char src="0x12" dst="&black-heart;"/>
	<char src="0x13" dst="&black-diamond;"/>
	<char src="0x14" dst=" "/>
  </charset>
  
</hi2txt>
