<?xml version="1.0" encoding="utf-8" standalone="no"?>
<!DOCTYPE hi2txt SYSTEM "hi2txt.dtd">
<hi2txt label="Air Rescue">
  <!--
    tested with mame 0.204 and embedded hiscore.dat
    source: GreatStone
  //-->
  
  <structure file=".hi">
    <check>
      <!-- optional: if defined and hiscore.dat provided, it allows to select the good structure versus the provided file //-->
      <definition>@:mainpcb:maincpu,program,20fb00,9f,a0,49</definition>
      <!-- optional: if defined, it allows to select the good structure versus the provided file
                     useful if multiple structures are defined but hiscore.dat not provided //-->
      <size>159</size>
    </check>
    <loop count="20">
      <elt size="4" type="int"  id="SCORE" endianness="little_endian" base="10"/>
      <elt size="3" type="text" id="NAME"/>
	  <elt size="1" type="raw"  id="EMPTY"/>
    </loop>
  </structure>
  
  <output>
    <table>
      <column id="RANK" src="index" format="+1"/>
      <column id="SCORE"/>
      <column id="NAME"/>
    </table>
  </output>
</hi2txt>
