<?xml version="1.0" encoding="utf-8" standalone="no"?>
<!DOCTYPE hi2txt SYSTEM "hi2txt.dtd">
<hi2txt>
  <!--
    history:
      2015-08-05: new size from hiscore.dat 20150131, reported by hi2txt
    tested:
      mame 0.148 and related hiscore.dat
      mame 0.153 and hiscore.dat 20150131
    source: HiToText, GreatStone
  //-->
  
  <structure file=".hi">
    <check>
      <!-- optional: if defined and hiscore.dat provided, it allows to select the good structure versus the provided file //-->
      <definition>0:fb80:40:00:00
                  0:e039:6:00:00
                  0:e03d:1:07:07</definition>
      <!-- optional: if defined, it allows to select the good structure versus the provided file
                     useful if multiple structures are defined but hiscore.dat not provided //-->
      <size>71</size>
    </check>
    <loop count="8">
      <elt size="4" type="int"  id="SCORE" base="16"/>
      <elt size="3" type="text" id="NAME"  charset="argus"/>
      <elt size="1" type="int"  id="STAGE" base="16"/>
    </loop>
    <!-- hiscore.dat < 20150131: last byte of top score is not extracted //-->
    <elt size="6" type="int"  id="TOP SCORE" decoding-profile="bcd"/>
    <elt size="1" type="raw"  id="CHECK"/>
  </structure>
  
  <structure file=".hi">
    <check>
      <!-- optional: if defined and hiscore.dat provided, it allows to select the good structure versus the provided file //-->
      <definition>0:fb80:40:00:00
                  0:e039:7:00:00
                  0:e03d:1:07:07</definition>
      <!-- optional: if defined, it allows to select the good structure versus the provided file
                     useful if multiple structures are defined but hiscore.dat not provided //-->
      <size>72</size>
    </check>
    <loop count="8">
      <elt size="4" type="int"  id="SCORE" base="16"/>
      <elt size="3" type="text" id="NAME"  charset="argus"/>
      <elt size="1" type="int"  id="STAGE" base="16"/>
    </loop>
    <elt size="7" type="int"  id="TOP SCORE" decoding-profile="bcd"/>
    <elt size="1" type="raw"  id="CHECK"/>
  </structure>
  
  <output>
    <table>
      <column id="RANK" src="index" format="+1"/>
      <column id="SCORE"/>
      <column id="NAME"/>
      <column id="STAGE"  format="+1"/>
    </table>
    <field id="TOP SCORE" format="*10" display="extra"/>
    <field id="CHECK"     format="0x"  display="debug"/>
  </output>
  
  <charset id="argus">
    <char src="0x19" dst=" "/>
    <char src="0x1B" dst="&woman;"/>
    <char src="0x1C" dst="&black-heart;"/>
    <char src="0x2E" dst="."/>
  </charset>
</hi2txt>
