<?xml version="1.0" encoding="utf-8" standalone="no"?>
<!DOCTYPE hi2txt SYSTEM "hi2txt.dtd">
<hi2txt label="Ashura Blaster">
  <!--
    tested with mame 0.219 and fixed hiscore.dat
    source: GreatStone
  //-->
  
  <structure file=".hi">
    <check>
      <!-- optional: if defined and hiscore.dat provided, it allows to select the good structure versus the provided file //-->
      <definition>@:maincpu,program,6019ec,64,00,19
                  @:maincpu,program,60129b,3,00,00</definition> <!-- ashura -->
	  <definition>@:maincpu,program,6019f5,63,00,19
                  @:maincpu,program,6012a3,3,00,00</definition> <!-- ashuraj -->
      <!-- optional: if defined, it allows to select the good structure versus the provided file
                     useful if multiple structures are defined but hiscore.dat not provided //-->
      <size>103</size>
	  <size>102</size>
    </check>
    <loop count="10">
      <elt size="4" type="int"  id="SCORE" base="16" table-index="loop_reverse_index"/>
	</loop>  
	<loop count="10">
      <elt size="6" type="text" id="NAME"  byte-skip="odd" charset="charconv" ascii-offset="51" table-index="loop_reverse_index"/>
    </loop>
  </structure>
  
  <output>
    <table>
      <column id="RANK" src="index" format="+1"/>
      <column id="SCORE" format="*10"/>
      <column id="NAME"/>
    </table>
  </output>
  
  <charset id="charconv">
    <char src="0x03" dst=" "/>
    <char src="0x04" dst="0"/>
	<char src="0x05" dst="1"/>
	<char src="0x06" dst="2"/>
	<char src="0x07" dst="3"/>
	<char src="0x08" dst="4"/>
	<char src="0x09" dst="5"/>
	<char src="0x0A" dst="6"/>
	<char src="0x0B" dst="7"/>
	<char src="0x0C" dst="8"/>
	<char src="0x0D" dst="9"/>
    <char src="0x28" dst="!"/>
    <char src="0x29" dst=","/>
	<char src="0x2A" dst="?"/>
	<char src="0x2B" dst="&quot;"/>
	<char src="0x2C" dst="*"/>
	<char src="0x2D" dst="+"/>
	<char src="0x2E" dst="="/>
	<char src="0x2F" dst="-"/>
	<char src="0x30" dst="."/>
	<char src="0x31" dst="@"/>
  </charset>
</hi2txt>
