<?xml version="1.0" encoding="utf-8" standalone="no"?>
<!DOCTYPE hi2txt SYSTEM "hi2txt.dtd">
<hi2txt label="Armored Scrum Object">
  <!--
    tested with mame 0.159 and hiscore.dat 2015-07-01
    source: GreatStone
  //-->
  
  <structure file=".hi">
    <check>
      <!-- optional: if defined and hiscore.dat provided, it allows to select the good structure versus the provided file //-->
      <definition>0:d83b:82:00:20
                  0:e777:3:00:00</definition> <!-- aso -->
      <definition>0:d83b:82:00:20
                  0:ee77a:3:00:00</definition> <!-- arian -->
      <definition>0:d83b:82:00:20
                  0:e77b:3:00:00</definition> <!-- alphamis -->
      <!-- optional: if defined, it allows to select the good structure versus the provided file
                     useful if multiple structures are defined but hiscore.dat not provided //-->
      <size>133</size>
    </check>
    <loop count="10">
      <elt size="3"  type="int"  id="SCORE" base="16"/>
      <elt size="10" type="text" id="NAME"/>
    </loop>
    <elt size="3" type="int" id="TOP SCORE" base="16" endianness="little_endian"/>
  </structure>
  
  <output>
    <table>
      <column id="RANK" src="index" format="+1"/>
      <column id="SCORE" format="*10"/>
      <column id="NAME"/>
    </table>
    <field id="TOP SCORE" format="*10" display="extra"/>
  </output>
</hi2txt>
