<?xml version="1.0" encoding="utf-8" standalone="no"?>
<!DOCTYPE hi2txt SYSTEM "hi2txt.dtd">
<!--
    tested with mame 0.181 and related hiscore.dat
      source: Thomas Busse
  //-->
<hi2txt label="Astro Blaster">
  
  <structure file=".hi">
    <check>
      <!-- optional: if defined and hiscore.dat provided, it allows to select the good structure versus the provided file //-->
      <definition>0:cb3f:da:00:5c</definition>
      <!-- optional: if defined, it allows to select the good structure versus the provided file
                     useful if multiple structures are defined but hiscore.dat not provided //-->
      <size>218</size>
    </check>
    <loop count="3" >
		<elt size="2" type="int" id="SCORE" endianness="little_endian" base="16"/>
    </loop>
	<elt size="201" type="raw" id="UNKNOWN"/>
    <loop count="3" >
		<elt size="3" type="text" id="NAME" charset="charconv" ascii-offset="-9"/>
		<elt size="1" type="raw" id="UNKNOWN"/>
    </loop>
  </structure>
  
  <structure file=".hi"> <!-- astrob, astrob2 -->
    <check>
      <!-- optional: if defined and hiscore.dat provided, it allows to select the good structure versus the provided file //-->
      <definition>@:maincpu,program,cb3f,f6,00,00
                  @:maincpu,program,cc18,1,5c,5c</definition>
      <!-- optional: if defined, it allows to select the good structure versus the provided file
                     useful if multiple structures are defined but hiscore.dat not provided //-->
      <size>247</size>
    </check>
    <loop count="10" >
		<elt size="2" type="int" id="SCORE" endianness="little_endian" base="16"/>
    </loop>
	<elt size="187" type="raw" id="UNKNOWN"/>
    <loop count="10" >
		<elt size="3" type="text" id="NAME" charset="charconv" ascii-offset="-9"/>
		<elt size="1" type="raw" id="UNKNOWN"/>
    </loop>
  </structure>

  <output>
    <table>
      <column id="RANK" src="index" format="+1"/>
      <column id="SCORE" format="*10;PadL50"/>
      <column id="NAME"/>
    </table>
  </output>
  
  <charset id="charconv">
    <char src="0x64" dst=" "/>
  </charset>

</hi2txt>

