<?xml version="1.0" encoding="utf-8" standalone="no"?>
<!DOCTYPE hi2txt SYSTEM "hi2txt.dtd">
<hi2txt label="Attack UFO">
  <!--
    tested with mame 0.181 and embedded hiscore.dat
    source: GreatStone
  //-->
  
  <structure file=".hi">
    <check>
      <!-- optional: if defined and hiscore.dat provided, it allows to select the good structure versus the provided file //-->
      <definition>@:maincpu,program,ca,2,00,00
                  @:maincpu,program,2e3,1,a0,a0
                  @:maincpu,program,2fa,1,a0,a0
                  @:maincpu,program,311,1,a0,a0
                  @:maincpu,program,328,1,a0,a0</definition>
      <!-- optional: if defined, it allows to select the good structure versus the provided file
                     useful if multiple structures are defined but hiscore.dat not provided //-->
      <size>6</size>
    </check>
    <loop count="1">
      <elt size="2" type="int"  id="SCORE" endianness="little_endian" base="16"/>
	</loop>  
    <elt size="4" type="text" id="SCORE TXT" ascii-offset="48" src-unit-size="4" nibble-skip="odd"/>
  </structure>
  
  <output>
    <table>
      <column id="RANK" src="index" format="+1"/>
      <column id="SCORE"/>
    </table>
    <field id="SCORE TXT" display="debug"/>
  </output>
</hi2txt>
