<?xml version="1.0" encoding="utf-8" standalone="no"?>
<!DOCTYPE hi2txt SYSTEM "hi2txt.dtd">
<hi2txt label="Avenging Spirit">
  <!--
    tested with mame 0.212 and embedded hiscore.dat
    source: GreatStone
  //-->
  
  <structure file=".hi">
    <check>
      <!-- optional: if defined and hiscore.dat provided, it allows to select the good structure versus the provided file //-->
      <definition>@:maincpu,program,79df2,53,00,54</definition>
	  <definition>@:maincpu,program,ff9dee,53,00,54</definition> <!-- phantasm -->
      <!-- optional: if defined, it allows to select the good structure versus the provided file
                     useful if multiple structures are defined but hiscore.dat not provided //-->
      <size>83</size>
    </check>
	<elt size="4" type="int" id="TOP SCORE" base="16"/>
    <loop count="10">
      <elt size="4" type="int"  id="SCORE" base="16"/>
      <elt size="3" type="text" id="NAME"/>
      <elt size="1" type="raw"  id="PADDING"/>
    </loop>
  </structure>
  
  <output>
    <table>
      <column id="RANK" src="index" format="+1"/>
      <column id="SCORE"/>
      <column id="NAME"/>
    </table>
    <field id="TOP SCORE" display="extra"/>
  </output>
</hi2txt>
