<?xml version="1.0" encoding="utf-8" standalone="no"?>
<!DOCTYPE hi2txt SYSTEM "hi2txt.dtd">
<hi2txt>
  <!--
    tested with mame 0.148 and related hiscore.dat
      source: HiToText
  //-->
  
  <structure file=".hi">
    <check>
      <!-- optional: if defined and hiscore.dat provided, it allows to select the good structure versus the provided file //-->
      <definition>0:10109e:04:00:00
                  0:101166:70:00:00
                  0:1011b5:01:15:15</definition>
      <!-- optional: if defined, it allows to select the good structure versus the provided file
                     useful if multiple structures are defined but hiscore.dat not provided //-->
      <size>117</size>
    </check>
    <elt size="4" type="int" id="TOP SCORE" base="16"/>
    <loop count="8">
      <elt size="4" type="int"  id="SCORE" base="16"/>
    </loop>
    <loop count="8">
      <elt size="6" type="text" id="NAME" byte-skip="odd" charset="batsugun" ascii-offset="24"/>
    </loop>
    <loop count="8">
      <elt size="2" type="int" id="STAGE"/>
    </loop>
    <loop count="8">
      <elt size="2" type="int" id="CHARACTER" base="16"/>
    </loop>
    <elt size="1" type="raw"  id="UNUSED"/>
  </structure>
  
  <output>
    <table>
      <column id="RANK" src="index" format="+1"/>
      <column id="SCORE"/>
      <column id="NAME"/>
      <column id="STAGE" format="stage"/>
      <column id="CHARACTER" format="character"/>
    </table>
    <field id="TOP SCORE" display="extra"/>
    <field id="UNUSED" format="0x" display="debug"/>
  </output>
  
  <format id="character">
    <case src="0" dst="JEENO" default="yes"/>
    <case src="1" dst="BELTIANA"/>
    <case src="2" dst="ICEMAN"/>
  </format>
  <format id="stage">
    <case src="0" dst="-"/>
  </format>
  
  <charset id="batsugun">
    <char src="0x15" dst="-"/>
    <char src="0x16" dst="."/>
  </charset>
</hi2txt>
