<?xml version="1.0" encoding="utf-8" standalone="no"?>
<!DOCTYPE hi2txt SYSTEM "hi2txt.dtd">
<hi2txt>
  <!--
    tested with mame 0.153 and hiscore.dat 2014-08-22
      source: GreatStone
  //-->
  
  <structure file=".hi">
    <check>
      <!-- optional: if defined and hiscore.dat provided, it allows to select the good structure versus the provided file //-->
      <definition>0:207000:50:00:2e
                  0:204049:3:00:30</definition>
      <!-- optional: if defined, it allows to select the good structure versus the provided file
                     useful if multiple structures are defined but hiscore.dat not provided //-->
      <size>83</size>
    </check>
    <loop count="10">
      <elt size="4" type="int"  id="SCORE" base="16"/>
      <elt size="4" type="text" id="NAME"  charset="blswhstl"/>
    </loop>
    <elt size="3" type="int" id="TOP SCORE" base="16"/>
  </structure>
  
  <output>
    <table>
      <column id="RANK" src="index" format="+1"/>
      <column id="SCORE" format="*10"/>
      <column id="NAME"/>
    </table>
    <field id="TOP SCORE" format="*10" display="extra"/>
  </output>
  
  <charset id="blswhstl">
    <char src="0x2E" dst=""/>
    <char src="0x5E" dst="."/>
  </charset>
</hi2txt>
