<?xml version="1.0" encoding="utf-8" standalone="no"?>
<!DOCTYPE hi2txt SYSTEM "hi2txt.dtd">
<hi2txt>
  <!--
    tested with mame 0.148 and related hiscore.dat
      source: HiToText
  //-->
  
  <structure file=".hi">
    <check>
      <!-- optional: if defined and hiscore.dat provided, it allows to select the good structure versus the provided file //-->
      <definition>0:8100:3e:00:90</definition>
      <!-- optional: if defined, it allows to select the good structure versus the provided file
                     useful if multiple structures are defined but hiscore.dat not provided //-->
      <size>62</size>
    </check>
    <loop count="10">
      <elt size="3" type="int"  id="SCORE" base="16"/>
    </loop>
    <elt size="2" type="raw" id="UNKNOWN"/>
    <loop count="10">
      <elt size="3" type="text" id="NAME"  charset="blueprnt" ascii-offset="-80"/>
    </loop>
  </structure>
  
  <output>
    <table line-ignore="SCORE:0">
      <column id="RANK" src="index" format="+1"/>
      <column id="SCORE"/>
      <column id="NAME"/>
    </table>
    <field id="UNKNOWN" format="0x" display="debug"/>
  </output>
  
  <charset id="blueprnt">
    <char src="0x90" dst=" "/>
  </charset>
</hi2txt>
