<?xml version="1.0" encoding="utf-8" standalone="no"?>
<!DOCTYPE hi2txt SYSTEM "hi2txt.dtd">
<hi2txt>
  <!--
    tested with mame 0.148 and related hiscore.dat
      source: HiToText
  //-->
  
  <structure file=".hi">
    <check>
      <!-- optional: if defined and hiscore.dat provided, it allows to select the good structure versus the provided file //-->
      <definition>0:905f:1:30:30
                  0:907f:1:30:30
                  0:909f:1:30:30
                  0:90bf:1:30:30
                  0:90de:3:53:24
                  0:90fe:3:2d:24
                  0:911f:1:00:00
                  0:913f:1:00:00
                  0:80e2:4:00:00
                  0:8100:96:00:ff</definition>
      <!-- optional: if defined, it allows to select the good structure versus the provided file
                     useful if multiple structures are defined but hiscore.dat not provided //-->
      <size>166</size>
    </check>
    <elt size="12" type="raw" id="UNKNOWN"/>
    <elt size="4" type="int"  id="TOP SCORE" endianness="little_endian" base="16"/>
    <loop count="10">
      <elt size="4" type="int"  id="SCORE" endianness="little_endian" base="16"/>
    </loop>
    <loop count="10">
      <elt size="1" type="int"  id="STAGE" base="16"/>
    </loop>
    <loop count="10">
      <elt size="2" type="int"  id="RANK" byte-skip="even"/>
      <elt size="6" type="text" id="NAME" byte-skip="even" charset="bombjack"/>
      <elt size="2" type="raw"  id="UNKNOWN 2"/>
    </loop>
  </structure>
  
  <output>
    <table>
      <column id="RANK" format="-5;/2"/>
      <column id="SCORE"/>
      <column id="NAME"/>
      <column id="STAGE"/>
      <column id="UNKNOWN 2" format="0x" display="debug"/>
    </table>
    <field id="TOP SCORE"             display="extra"/>
    <field id="UNKNOWN"   format="0x" display="extra"/>
  </output>
  
  <charset id="bombjack">
    <char src="0x00" dst=" "/>
    <char src="0x2E" dst="."/>
  </charset>
</hi2txt>
