<?xml version="1.0" encoding="utf-8" standalone="no"?>
<!DOCTYPE hi2txt SYSTEM "hi2txt.dtd">
<hi2txt>
  <!--
    tested with mame 0.148 and related hiscore.dat
      source: HiToText
  //-->
  
  <structure file=".hi">
    <check>
      <!-- optional: if defined and hiscore.dat provided, it allows to select the good structure versus the provided file //-->
      <definition>0:d300:3c:00:49
                  0:c014:3:00:02</definition>
      <!-- optional: if defined, it allows to select the good structure versus the provided file
                     useful if multiple structures are defined but hiscore.dat not provided //-->
      <size>63</size>
    </check>
    <loop count="10">
      <elt size="3" type="int"  id="SCORE" endianness="little_endian" base="16"/>
      <elt size="3" type="text" id="NAME"  charset="bullfgt"/>
    </loop>
    <elt size="8" type="int" id="TOP SCORE" endianness="little_endian" base="16"/>
  </structure>
  
  <output>
    <table>
      <column id="RANK" src="index" format="+1"/>
      <column id="SCORE"/>
      <column id="NAME"/>
    </table>
    <field id="TOP SCORE" display="extra"/>
  </output>
  
  <charset id="bullfgt">
    <char src="0x2E" dst="."/>
    <char src="0x5B" dst="m"/>
  </charset>
</hi2txt>
