<?xml version="1.0" encoding="utf-8" standalone="no"?>
<!DOCTYPE hi2txt SYSTEM "hi2txt.dtd">
<hi2txt label="Black Widow">
  <!--
    tested with mame 0.181 and embedded hiscore.dat
    source: GreatStone
  //-->
  
  <structure file="earom">
    <check>
      <size>64</size>
    </check>
	<elt size="3" type="raw" id="UNKNOWN"/>
    <loop count="3">
	  <elt size="3" type="text" id="NAME" charset="charconv"/>
      <elt size="3" type="int"  id="SCORE" base="16"/>
      <elt size="1" type="int"  id="AREA"/>
    </loop>
  </structure>
  
  <structure file=".hi">
    <check>
      <definition>@:maincpu,program,302,24,20,db
                  @:maincpu,program,326,76,1b,11</definition>
      <size>154</size>
    </check>
	<elt size="14" type="raw" id="UNKNOWN2"/>
	<loop count="20">
	  <elt size="3" type="text" id="NAME" charset="charconv"/>
      <elt size="3" type="int"  id="SCORE" base="16"/>
      <elt size="1" type="int"  id="AREA"/>
    </loop>
  </structure>
  
  <output>
    <table>
      <column id="RANK" src="index" format="+1"/>
      <column id="SCORE"/>
      <column id="NAME"/>
      <column id="AREA"/>
    </table>
  </output>
  
  <charset id="charconv">
    <char src="0x00" dst=" "/>
	
	<!-- red -->
	<char src="0x01" dst="A"/>
	<char src="0x02" dst="B"/>
	<char src="0x03" dst="C"/>
	<char src="0x04" dst="D"/>
	<char src="0x05" dst="E"/>
	<char src="0x06" dst="F"/>
	<char src="0x07" dst="G"/>
	<char src="0x08" dst="H"/>
	<char src="0x09" dst="I"/>
	<char src="0x0A" dst="J"/>
	<char src="0x0B" dst="K"/>
	<char src="0x0C" dst="L"/>
	<char src="0x0D" dst="M"/>
	<char src="0x0E" dst="N"/>
	<char src="0x0F" dst="O"/>
	<char src="0x10" dst="P"/>
	<char src="0x11" dst="Q"/>
	<char src="0x12" dst="R"/>
	<char src="0x13" dst="S"/>
	<char src="0x14" dst="T"/>
	<char src="0x15" dst="U"/>
	<char src="0x16" dst="V"/>
	<char src="0x17" dst="W"/>
	<char src="0x18" dst="X"/>
	<char src="0x19" dst="Y"/>
	<char src="0x1A" dst="Z"/>
	<char src="0x1B" dst="*"/>
	<char src="0x1C" dst="_"/>
	<char src="0x1D" dst="&one-on-two;"/>
	<char src="0x1E" dst="@"/>
	
	<!-- green -->
	<char src="0x5B" dst="*"/>
    <char src="0x5C" dst="_"/>
	<char src="0x5D" dst="&one-on-two;"/>
	<char src="0x5E" dst="@"/>
	
	<!-- blue -->
	<char src="0x81" dst="A"/>
	<char src="0x82" dst="B"/>
	<char src="0x83" dst="C"/>
	<char src="0x84" dst="D"/>
	<char src="0x85" dst="E"/>
	<char src="0x86" dst="F"/>
	<char src="0x87" dst="G"/>
	<char src="0x88" dst="H"/>
	<char src="0x89" dst="I"/>
	<char src="0x8A" dst="J"/>
	<char src="0x8B" dst="K"/>
	<char src="0x8C" dst="L"/>
	<char src="0x8D" dst="M"/>
	<char src="0x8E" dst="N"/>
	<char src="0x8F" dst="O"/>
	<char src="0x90" dst="P"/>
	<char src="0x91" dst="Q"/>
	<char src="0x92" dst="R"/>
	<char src="0x93" dst="S"/>
	<char src="0x94" dst="T"/>
	<char src="0x95" dst="U"/>
	<char src="0x96" dst="V"/>
	<char src="0x97" dst="W"/>
	<char src="0x98" dst="X"/>
	<char src="0x99" dst="Y"/>
	<char src="0x9A" dst="Z"/>
	<char src="0x9B" dst="*"/>
	<char src="0x9C" dst="_"/>
	<char src="0x9D" dst="&one-on-two;"/>
	<char src="0x9E" dst="@"/>
	
	<!-- white -->
	<char src="0xC1" dst="A"/>
	<char src="0xC2" dst="B"/>
	<char src="0xC3" dst="C"/>
	<char src="0xC4" dst="D"/>
	<char src="0xC5" dst="E"/>
	<char src="0xC6" dst="F"/>
	<char src="0xC7" dst="G"/>
	<char src="0xC8" dst="H"/>
	<char src="0xC9" dst="I"/>
	<char src="0xCA" dst="J"/>
	<char src="0xCB" dst="K"/>
	<char src="0xCC" dst="L"/>
	<char src="0xCD" dst="M"/>
	<char src="0xCE" dst="N"/>
	<char src="0xCF" dst="O"/>
	<char src="0xD0" dst="P"/>
	<char src="0xD1" dst="Q"/>
	<char src="0xD2" dst="R"/>
	<char src="0xD3" dst="S"/>
	<char src="0xD4" dst="T"/>
	<char src="0xD5" dst="U"/>
	<char src="0xD6" dst="V"/>
	<char src="0xD7" dst="W"/>
	<char src="0xD8" dst="X"/>
	<char src="0xD9" dst="Y"/>
	<char src="0xDA" dst="Z"/>
	<char src="0xDB" dst="*"/>
	<char src="0xDC" dst="_"/>
	<char src="0xDD" dst="&one-on-two;"/>
	<char src="0xDE" dst="@"/>
  </charset>
</hi2txt>
